{"valid": true, "army": "air",
"type": "ka_50",
"speed": 82.668953,
"pedals": -0.113583,
"pedals1": -0.113550,
"pedals2": -0.113518,
"pedals3": -0.113487,
"pedals4": -0.113457,
"stick_elevator": -0.246863,
"stick_ailerons": -0.098484,
"vario": -12.080741,
"altitude_hour": 555.982788,
"altitude_min": 555.982788,
"radio_altitude": 524.655518,
"aviahorizon_roll": -0.075816,
"aviahorizon_pitch": 21.751343,
"aviahorizon_roll1": -0.075896,
"aviahorizon_pitch1": 21.751329,
"bank": 2.667419,
"bank1": 2.666578,
"compass": 251.173721,
"compass1": 251.173721,
"clock_hour": 9.466667,
"clock_min": 28.000000,
"clock_sec": 52.000000,
"rpm": 14664.191406,
"rpm1": 14664.191406,
"prop_rpm": 268.648010,
"water_temperature_hour": 962.666382,
"water_temperature1_hour": 962.666382,
"water_temperature_min": 962.666382,
"water_temperature1_min": 962.666382,
"fuel": 447.000000,
"fuel1": 447.000000,
"gears": 0.500000,
"gear_lamp_down": 0.000000,
"gear_lamp_up": 0.000000,
"gear_lamp_off": 0.000000,
"throttle": 0.960000,
"weapon2": 0.000000,
"weapon3": 0.000000,
"prop_pitch": 0.960000,
"g_meter": 0.956666,
"g_meter_min": 0.384322,
"g_meter_max": 2.421648,
"blister1": 0.000000,
"blister2": 0.000000,
"blister3": 0.000000}
