{
   "grid_size" : [ 52719.39843750, 55385.300781250 ],
   "grid_steps" : [ 5500.0, 5500.0 ],
   "grid_zero" : [ 6494.300781250, 19547.50 ],
   "hud_type" : 0,
   "map_generation" : 1,
   "map_max" : [ 65536.0, 65536.0 ],
   "map_min" : [ -65536.0, -65536.0 ],
   "valid" : true
}
